PID	pattern	singleton_count_tumor	singleton_count_control	singleton_count_log2_ratio	singleton_count_tumor_norm	singleton_count_control_norm	singleton_count_log2_ratio_norm	tel_content_log2_ratio	distance_to_expected_singleton_log2_ratio
HG002	ATAGGG	NA	5	NA	NA	7.02659199970167e-09	NA	NA	NA
HG002	CATGGG	NA	0	NA	NA	0	NA	NA	NA
HG002	CTAGGG	NA	4	NA	NA	5.62127359976133e-09	NA	NA	NA
HG002	GTAGGG	NA	26	NA	NA	3.65382783984487e-08	NA	NA	NA
HG002	TAAGGG	NA	13	NA	NA	1.82691391992243e-08	NA	NA	NA
HG002	TCAGGG	NA	12	NA	NA	1.6863820799284e-08	NA	NA	NA
HG002	TGAGGG	NA	32	NA	NA	4.49701887980907e-08	NA	NA	NA
HG002	TTCGGG	NA	17	NA	NA	2.38904127989857e-08	NA	NA	NA
HG002	TTGGGG	NA	7	NA	NA	9.83722879958233e-09	NA	NA	NA
HG002	TTTGGG	NA	73	NA	NA	1.02588243195644e-07	NA	NA	NA
