PID	Sample	pattern	Context_bp	Bases	Count	Percent
HG002	control	TCAGGG	18	TCAGGGTCAGGGTCAGGG-TCAGGG-TCAGGGTCAGGGTCAGGG	421	3.26
HG002	control	TGAGGG	18	TGAGGGTGAGGGTGAGGG-TGAGGG-TGAGGGTGAGGGTGAGGG	575	4.01
HG002	control	TTGGGG	18	TTGGGGTTGGGGTTGGGG-TTGGGG-TTGGGGTTGGGGTTGGGG	283	4.74
HG002	control	TTCGGG	18	TTCGGGTTCGGGTTCGGG-TTCGGG-TTCGGGTTCGGGTTCGGG	128	4.93
HG002	control	TTTGGG	18	TTAGGGTTAGGGTTAGGG-TTTGGG-TTAGGGTTAGGGTTAGGG	73	3.38
HG002	control	ATAGGG	18	TAGGGTTAGGGGTTGGAG-ATAGGG-GTTGGGGTCAGAGTTAGG	56	12.12
HG002	control	CATGGG	18	TGAGGGAATGAGGGAACG-CATGGG-TGAGGGAATGAGGGAACG	117	24.84
HG002	control	CTAGGG	18	CTAGGGCTAGGGCTAGGG-CTAGGG-CTAGGGCTAGGGCTAGGG	202	11.61
HG002	control	GTAGGG	18	GTTAGGGTTAGGGTTAGG-GTAGGG-TTAGGGTTAGGGTTAGGG	361	14.75
HG002	control	TAAGGG	18	GAGGTTAGGGGTTAGGGA-TAAGGG-GTTAGGGTTGGATTAGTG	226	6.39
